{
  "id": "01EDA3H4RZBMYCWP24HPSA75EB",
  "name": "christchurch_urban_2018_0-075m",
  "uri": "s3://linz-basemaps/2193/christchurch_urban_2018_0-075m/01EDA3H4RZBMYCWP24HPSA75EB",
  "projection": 2193,
  "year": 2018,
  "resolution": 75,
  "bounds": {
    "x": 1566143.9999999995,
    "y": 5175936.000000001,
    "width": 7167.999999999999,
    "height": 7167.999999999999
  },
  "files": [
    {
      "name": "8-358-672",
      "x": 1566143.9999999995,
      "y": 5175936.000000001,
      "width": 7167.999999999999,
      "height": 7167.999999999999
    }
  ]
}
