{
  "id": "im_01ED825VGXM6K9YX52DP7SMXQE",
  "name": "christchurch_urban_2018_0-075m",
  "uri": "s3://linz-basemaps/3857/christchurch_urban_2018_0-075m/01ED825VGXM6K9YX52DP7SMXQE",
  "projection": 3857,
  "year": 2018,
  "resolution": 75,
  "bounds": {
    "x": 19213211.42976178,
    "y": -5395842.700707175,
    "width": 7337.9547154940665,
    "height": 4891.969810329378
  },
  "files": [
    {
      "name": "14-16047-10397",
      "x": 19213211.42976178,
      "y": -5395842.7007070985,
      "width": 2445.9849051256297,
      "height": 2445.9849051256297
    },
    {
      "name": "14-16047-10396",
      "x": 19213211.42976178,
      "y": -5393396.715801971,
      "width": 2445.9849051256297,
      "height": 2445.9849051256297
    },
    {
      "name": "13-8024-5198",
      "x": 19215657.41466702,
      "y": -5395842.700707175,
      "width": 4891.969810251274,
      "height": 4891.969810251274
    }
  ]
}
