{
  "name": "gebco_2020_Nztm2000Quad_305-75m",
  "id": "im_01F1BFJN8R8P7BXN3XTHC5MT5G",
  "uri": "s3://linz-basemaps/2193/gebco_2020_Nztm2000Quad_305-75m/01F1BFJN8R8P7BXN3XTHC5MT5G",
  "year": 2000,
  "projection": 2193,
  "resolution": 5750,
  "bounds": {
    "x": -3260586.7284,
    "y": 419435.9938,
    "width": 10018754.1714,
    "height": 10018754.171400001
  },
  "tileMatrix": "NZTM2000Quad",
  "files": [
    {
      "x": -3260586.7284,
      "y": 419435.9938,
      "width": 10018754.1714,
      "height": 10018754.171400001,
      "name": "0-0-0"
    }
  ]
}
