{
  "id": "01EDMTM3P563P06TWYQAZRA9F6",
  "name": "gebco_2020_305-75m",
  "uri": "s3://linz-basemaps/3857/gebco_2020_305-75m/01EDMTM3P563P06TWYQAZRA9F6",
  "projection": 3857,
  "year": 2020,
  "resolution": 5750,
  "bounds": {
    "x": -20037508.3427892,
    "y": -20037508.342789154,
    "width": 40075016.68557835,
    "height": 40075016.68557835
  },
  "files": [
    {
      "name": "1-0-1",
      "x": -20037508.3427892,
      "y": -20037508.342789154,
      "width": 20037508.342789177,
      "height": 20037508.342789177
    },
    {
      "name": "1-0-0",
      "x": -20037508.3427892,
      "y": 2.2351741790771484e-8,
      "width": 20037508.342789177,
      "height": 20037508.342789177
    },
    {
      "name": "1-1-1",
      "x": -2.2351741790771484e-8,
      "y": -20037508.342789154,
      "width": 20037508.342789177,
      "height": 20037508.342789177
    },
    {
      "name": "1-1-0",
      "x": -2.2351741790771484e-8,
      "y": 2.2351741790771484e-8,
      "width": 20037508.342789177,
      "height": 20037508.342789177
    }
  ]
}
