{
  "name": "geographx_nz_dem_2012_8-0m",
  "id": "im_01FGWBY0X4BCM2VDVSRC3TWJTN",
  "uri": "s3://linz-basemaps/3857/geographx_nz_dem_2012_8-0m/01FGWBY0X4BCM2VDVSRC3TWJTN",
  "year": 2000,
  "projection": 3857,
  "resolution": 9.5546,
  "bounds": {
    "x": 18442726.1846,
    "y": -6056258.6251,
    "width": 1550754.4298,
    "height": 2032613.4560999996
  },
  "tileMatrix": "WebMercatorQuad",
  "files": [
    {
      "x": 18442726.1846,
      "y": -6056258.6251,
      "width": 1550754.4298,
      "height": 2032613.4560999996,
      "name": "0-0-0"
    }
  ]
}
