{
  "name": "geographx_nz_dem_2012_8-0m",
  "id": "im_01FGQB4THG3RDNJSWRCYDR3JA2",
  "uri": "s3://linz-basemaps/2193/geographx_nz_dem_2012_8-0m/01FGQB4THG3RDNJSWRCYDR3JA2",
  "year": 2000,
  "projection": 2193,
  "resolution": 9.5546,
  "bounds": {
    "x": 1046792.689526238,
    "y": 4717031.472111148,
    "width": 1051773.5092040217,
    "height": 1509172.686462515
  },
  "tileMatrix": "NZTM2000Quad",
  "files": [
    {
      "x": 1046792.689526238,
      "y": 4717031.472111148,
      "width": 1051773.5092040217,
      "height": 1509172.686462515,
      "name": "0-0-0"
    }
  ]
}
