{
  "id": "im_01EDA4NB1NQCEH1Y9F26XB77C1",
  "name": "tasman_urban_2017_0-075m",
  "uri": "s3://linz-basemaps/2193/tasman_urban_2017_0-075m/01EDA4NB1NQCEH1Y9F26XB77C1",
  "projection": 2193,
  "year": 2017,
  "resolution": 75,
  "bounds": {
    "x": 1609151.9999999995,
    "y": 5419648.000000001,
    "width": 14336,
    "height": 7168
  },
  "files": [
    {
      "name": "8-364-638",
      "x": 1609151.9999999995,
      "y": 5419648.000000001,
      "width": 7167.999999999999,
      "height": 7167.999999999999
    },
    {
      "name": "8-365-638",
      "x": 1616319.9999999995,
      "y": 5419648.000000001,
      "width": 7167.999999999999,
      "height": 7167.999999999999
    }
  ]
}
